dem_elevation,lulc,ndvi,ndwi,rivers,roads,geology,faults,twi,spi,tri,slope,aspect,profile,plan,Landslide
1507,6,6,-0.470231891,301,50,66,501,12.72996521,-4777.92334,9.899495125,17.34932518,140.1944275,0.006386781,-0.00302251,0
1051,6,6,-0.505809426,200,450,66,501,7.422777176,6742.672852,7.348469257,13.67494583,99.46231842,-0.012059378,-0.024882009,0
1227,6,6,-0.815217376,150,150,66,500,13.31355381,-1644.321167,6.164413929,8.206727028,303.6900635,-0.020048179,0.010240619,0
872,6,6,-0.57034117,200,501,66,501,12.76764011,-697.4165039,11.09053612,17.74467087,180,0.011058626,0.039999999,0
2107,6,6,-0.786223292,301,501,66,200,15.07986164,-15198.34766,7.937253952,14.36605644,218.6598053,-0.000709537,-0.021940509,0
1368,6,6,-0.425103277,300,50,81,501,13.62389469,-3543.871094,8.544003487,14.36605644,128.6598053,-0.006385829,0.002437834,0
1210,6,6,-0.497183621,150,500,66,300,14.68599033,-1961.758545,9.327379227,15.020257,26.56505203,-0.010379114,-0.02862167,0
1623,7,4,-0.287451237,150,200,37,501,14.10564327,-1973.769653,9.949873924,17.87400818,187.1250153,8.49E-05,0.019540241,0
1420,7,6,-0.436897218,301,450,81,501,7.482616425,5700.859375,11.31370831,19.91116714,186.3401947,0.004022061,-0.013359522,0
1962,7,6,-0.554195166,301,300,66,501,8.290884018,77.39139557,12.12435532,18.9879818,144.462326,0.004131435,0.022998182,0
1734,6,6,-0.750082195,100,501,66,501,14.22199249,-4618.090332,6.63324976,11.30993271,180,0.006034343,0,0
1495,6,6,-0.767944932,100,501,66,501,13.43401051,-1008.347107,10.2469511,17.87400818,7.125016212,-0.001442985,-0.014655181,0
1521,5,6,-0.462828755,300,150,66,501,12.96064377,-1509.873535,13.71130943,23.8365345,185.1944275,0.004898004,0.01448572,0
2325,6,6,-0.821363926,100,501,37,501,6.022371292,140.2252045,10.77032948,16.23579216,105.9453964,0.015817625,0.048516788,0
1790,6,6,-0.814252317,301,501,66,500,13.61688137,-1390.015137,13.41640759,24.09484291,243.4349518,0.005842374,0.025759503,0
1983,6,6,-0.755994916,200,501,66,501,7.165167809,44.54485703,8.602325439,12.74985123,315,0.017814482,0.02828427,0
1641,6,6,-0.715700865,250,501,66,501,16.30927849,-24077.18359,9.539392471,17.74467087,180,0,0,0
2069,6,6,-0.787028909,250,501,66,501,13.189538,-907.6576538,6.324555397,11.52797318,258.6900635,-0.005557333,0.028964845,0
1102,6,6,-0.477046639,300,50,66,501,13.01856709,-765.0158081,7.280109882,11.52797318,258.6900635,0.008914888,0.016292725,0
1089,4,4,-0.221428573,100,300,66,501,13.0047102,-656.3978882,9.949873924,17.87400818,299.744873,-0.006535875,0.003663795,0
1734,6,6,-0.768466771,150,200,81,501,7.190039635,4254.769043,12.16552544,19.91116714,173.6598053,0.004735653,0.01960833,0
1522,6,6,-0.473774701,301,50,66,501,12.81813812,-5218.334473,11.31370831,17.34932518,50.19442749,0.022262495,0.0204859,0
1444,6,6,-0.762803257,100,501,66,501,7.24396801,475.7280884,9.84885788,16.23579216,164.0546112,-0.006733179,0.004146734,0
576,6,6,-0.634118974,50,200,66,501,12.71786118,-4720.438965,9.84885788,17.34932518,320.1944275,0.005018185,0.002015007,0
1586,5,6,-0.789706707,50,501,66,501,16.01758766,-7429.347656,8.366600037,15.020257,153.4349518,0.00461294,0.004770278,0
1744,5,6,-0.695608318,150,501,66,150,14.2688961,-160.6949921,11,18.74779129,135,0.001358598,-0.004714045,0
1681,6,6,-0.638569593,50,150,66,501,14.0854435,-2604.993408,9.643651009,17.74467087,270,0,-0.039999999,0
1195,6,6,-0.500332892,50,150,66,501,9.687714577,665.4447632,13.0766964,22.19160652,78.69007111,0.001465536,-0.004525757,0
2015,6,6,-0.758850336,50,501,66,501,8.427396774,42.46751022,5.916079998,3.237688065,135,-0.020700557,-0.084852815,0
1658,6,6,-0.520761251,301,400,66,50,16.64056778,-7333.240723,7.211102486,12.1561451,68.19859314,0.006185241,-0.001024526,0
1565,4,6,-0.432699263,301,50,81,501,6.283826828,1044.804688,11.2694273,19.79887581,270,-0.005330807,0,0
1101,3,6,-0.331261307,301,150,66,501,14.62840557,-4483.450684,9.899495125,17.74467087,270,0,0,0
1414,6,6,-0.760869563,50,250,66,501,15.91664886,-136595.9375,8.124038696,14.1969471,108.4349518,-0.010496392,-0.005059644,0
1084,6,6,-0.73780489,150,50,81,501,8.541777611,9058.674805,5.916079998,7.20912075,18.43494797,-0.018435776,-0.053126264,0
1448,6,6,-0.800250471,50,501,37,501,13.30509186,-2130.750732,13.15294647,23.8365345,95.19442749,-0.005118815,-0.013832674,0
1254,6,6,-0.660104692,301,501,66,501,13.16152573,-7356.369141,10.04987526,17.34932518,309.8055725,0.001368596,0.056420185,0
1875,6,6,-0.436597139,250,501,66,501,13.2333498,-377.7243042,10.04987526,18.25505829,194.0362396,0.012252785,-0.004565376,0
1032,6,6,-0.693994761,150,501,66,501,5.487418652,296.1518555,13.56466007,19.68572998,296.5650635,0.010684306,0.071554177,0
1347,6,6,-0.832792819,250,501,66,350,12.63611126,5967.613281,10.04987526,18.9879818,324.4623108,0.003034594,-0.01043087,0
1521,6,6,-0.719750166,250,300,66,501,4.281658173,2595.530029,13.30413437,23.39650154,326.3099365,0.003425258,0.004551386,0
1375,6,6,-0.810161889,250,100,81,501,15.3900938,-68315.35938,10.67707825,17.34932518,320.1944275,-0.012956042,-0.013769212,0
1494,5,6,-0.466968507,200,100,66,501,4.73375988,3542.216553,11.87434196,20.24305534,130.6012878,-0.003047121,-0.007350114,0
1515,7,6,-0.360376,150,501,81,501,7.985039234,5726.143066,10.53565407,19.79887581,180,-0.005330807,-0.035555556,0
1249,6,6,-0.543259859,200,50,66,501,6.982218266,3456.368896,10.81665421,19.91116714,6.340191841,0.004313985,-0.014329164,0
1462,6,6,-0.567375898,250,501,66,501,8.095522881,26820.45898,9.380831718,16.94235802,203.1985931,-0.003573902,-0.028615747,0
1718,6,6,-0.734868586,250,501,66,501,8.199287415,1445.914429,6.708203793,13.12884617,239.0362396,0.001477787,-0.006859943,0
1458,4,6,-0.203179643,301,150,81,501,8.146412849,556.7277832,9,16.08989334,123.6900711,-0.001310071,0.00512031,0
1211,6,6,-0.596444428,250,501,81,501,13.80027485,-428.3234558,7.615773201,12.1561451,291.8014221,-0.006185241,0.001024526,0
1581,6,6,-0.693121672,100,501,81,501,8.527098656,98.01202393,10.19803905,18.9879818,215.537674,-0.004314242,0.014829429,0
686,6,6,-0.458204955,50,250,105,400,5.950424671,292.1594238,5.744562626,10.14210606,333.4349365,0.010988361,0.007155417,0
1324,6,6,-0.782894731,200,501,66,50,16.94241142,-7925.529785,5.291502476,9.090276718,270,0,0,0
1480,6,6,-0.50969094,50,300,66,501,6.901609898,337.8116455,9.05538559,16.23579216,105.9453964,0.008336317,0.033588547,0
2075,6,6,-0.795015275,301,501,81,501,11.00504017,21.33613396,11.13552856,18.86838341,200.5560455,-0.00334277,-0.007182799,0
979,4,4,-0.273560196,150,501,66,400,13.6401701,-1239.206543,9.949873924,17.87400818,209.7448883,0.004159193,0.00488506,0
963,6,6,-0.420978397,300,100,66,501,15.29222298,-11630.22656,10.95445156,20.7804184,198.4349518,0.004184378,-0.013492385,0
1343,6,6,-0.824136913,50,500,66,150,9.385184288,4733.376953,9.949873924,13.12884617,149.0362396,-0.01868966,-0.077880532,0
1459,6,6,-0.48174572,301,150,66,501,8.278362274,15863.82324,8.246211052,13.67494583,170.537674,-0.013011433,-0.020616522,0
1880,6,6,-0.82186991,250,501,66,501,16.70513725,-77204.8125,8,14.36605644,38.65980911,-0.00212861,-0.015845923,0
1696,6,6,-0.784462631,100,501,66,501,13.70327091,-1319.922119,10.44030666,17.87400818,29.74488068,-0.006535875,0.003663795,0
1668,6,6,-0.452672243,50,200,66,400,5.013702393,606.1557617,8.660254478,13.67494583,260.5376892,0.008727181,0.039811213,0
776,6,6,-0.752808988,50,450,66,50,18.65116501,-143624.25,5.47722578,2.290610075,90,-0.019154012,-0.319999993,0
1927,6,6,-0.829622447,301,501,66,501,9.150831223,37959.16016,9.327379227,13.67494583,279.4623108,-0.011900702,-0.078200601,0
793,4,4,-0.354511648,250,350,66,300,13.41641045,-68.51295471,11.22497177,18.74779129,45,-0.00543439,0.018856181,0
1710,6,6,-0.709348023,301,400,81,501,14.83834457,-348.9252625,14,25.00792885,120.9637527,0.002521835,0.020176305,0
1212,4,6,-0.312473357,100,50,66,501,11.9592123,-178.2173462,3,2.290610075,180,0.006384671,0.319999993,0
1237,6,6,-0.518080115,301,50,66,501,15.56071758,-81025.03125,9.643651009,17.34932518,50.19442749,0.005018185,0.002015007,0
2111,6,6,-0.787467718,300,501,81,501,15.99811745,-148190.1406,8.717798233,14.1969471,161.5650482,0.01224579,-0.002529822,0
1955,6,6,-0.529388845,301,501,66,501,9.015655518,60.04721451,8.426149368,15.79316902,261.8699036,-0.005303069,-0.024211336,0
1875,6,6,-0.877031803,200,501,66,501,11.69626713,91412.85938,9.273618698,10.14210606,296.5650635,-0.017093007,-0.186040848,0
1134,6,6,-0.435142577,100,300,66,501,17.44078636,-115442.9531,6.782330036,11.30993271,216.8699036,-0.011344564,-0.035840001,0
1375,4,6,-0.321827918,100,150,66,500,13.52003574,-1976.683228,12.48999596,20.7804184,71.56504822,0.005230473,0.016865481,0
1057,6,6,-0.798107266,150,100,81,501,8.416465759,18213.17383,7.549834251,13.67494583,170.537674,-0.00238014,-0.068247795,0
1829,6,6,-0.731333077,200,501,81,501,7.700713158,8903.037109,8.426149368,13.67494583,170.537674,-0.00079338,0.02985841,0
852,7,6,-0.354028434,200,501,81,501,10.32605362,23223.68555,6.324555397,10.14210606,153.4349518,-0.007325574,-0.02862167,0
1652,6,6,-0.525605559,301,50,81,501,15.36045647,-308.5072021,8.888194084,15.64224625,270,-0.00571492,0,0
2140,6,6,-0.788245082,100,501,81,501,13.60415363,-48.31869125,6.164413929,9.365158081,104.0362473,0.009763652,0.054784518,0
1460,6,6,-0.494412839,50,501,66,200,7.926370621,473.1361084,12,22.3830986,60.94539642,0.004821026,-0.014807528,0
2207,6,6,-0.741786182,300,501,66,501,15.16688919,-394.4536438,11.04536057,18.74779129,225,-0.013585976,-0.02828427,0
1509,6,6,-0.80853194,301,501,66,450,14.96816444,1122.73877,11.04536057,18.86838341,339.4439697,0.001559959,0.013339484,0
1282,6,6,-0.723624349,301,50,66,250,16.43976212,-59209.87109,8,14.36605644,38.65980911,-0.004966756,-0.003656751,0
1473,6,6,-0.720982134,301,150,66,501,8.162936211,25.59538841,9.643651009,15.79316902,225,0.004276669,0.02828427,0
1644,5,6,-0.49104479,50,50,81,501,7.830218792,3083.043213,11.7473402,19.68572998,153.4349518,0.002136861,-0.007155417,0
1560,7,6,-0.465217382,150,501,66,501,5.546327114,758.7901611,12.92284775,23.0354805,138.8140717,0.002869131,0.036496639,0
1276,6,6,-0.520621598,100,501,81,501,11.93618965,1113.947144,9.591663361,15.79316902,171.8699036,-0.018475208,-0.017196838,0
807,6,6,-0.484245121,301,501,66,501,10.28302574,213.2576294,9.746794701,15.79316902,8.130102158,0.017049652,-0.022401143,0
1464,6,6,-0.467268616,250,501,66,450,5.487865925,1976.857178,10.86278057,16.94235802,246.8014069,-0.009659195,-0.005795594,0
1760,6,6,-0.785070777,301,50,66,50,8.470689774,1622.248169,9.327379227,16.23579216,164.0546112,-0.003740655,-0.007464121,0
910,4,6,-0.382011414,50,50,81,501,10.4267683,59663.12109,4,7.20912075,288.4349365,-0.006249416,-0.050596442,1
908,7,2,-0.256703645,50,50,81,501,10.62757015,300.9807129,9.591663361,15.79316902,225,-0.008553337,-0.011313708,1
839,6,6,-0.423765361,100,50,66,200,14.50535202,-118.9872437,5.916079998,9.365158081,75.96375275,-0.00108485,0.045653764,1
868,6,6,-0.750325084,300,50,66,501,5.193284988,3387.079102,18.57417488,29.61852455,219.2894135,0.003174389,0.01401622,1
860,7,4,-0.330399573,301,450,66,501,8.996059418,3207.571045,7.141428471,13.12884617,59.03624344,-0.004607219,-0.033492666,1
700,7,6,-0.27537027,50,200,66,501,14.9901247,-2188.428955,11.04536057,18.25505829,165.9637604,-0.010318135,-0.002282688,1
587,5,6,-0.711100101,50,100,66,501,15.47515106,-3725.039551,14.69693851,24.51631355,127.8749847,-0.004820361,-0.014032928,1
862,6,6,-0.777696013,50,50,66,501,6.460033894,1387.303223,17.69180679,29.24882698,180,-0.008501885,0,1
1201,6,6,-0.797006011,301,50,66,501,14.21868706,-5202.372559,20.19900894,33.26683044,232.4314117,-0.003254298,-0.001269286,1
1004,6,6,-0.630070925,300,150,66,501,13.77709484,-775.6431274,18.89444351,30.73752594,199.6538239,0.013589285,0.017824307,1
889,6,6,-0.303730965,200,150,66,501,13.37867355,-9140.488281,10.58300495,17.34932518,219.8055725,0.002919671,0.009739199,1
1186,4,4,-0.178061232,301,200,66,500,3.173757553,1230.471924,2,4.573921204,270,0,0,1
1165,6,6,-0.416034162,200,200,66,501,14.00571251,-974.8753662,18.57417488,30.73752594,227.7263184,-0.006675116,-0.014610087,1
1004,7,6,-0.319433719,300,100,66,50,13.54795074,-5633.559082,17.72004509,29.98014069,213.6900635,-0.001919731,0.00512031,1
1142,7,4,-0.305773646,150,50,81,501,13.61952019,-3528.402588,6.855654716,14.36605644,231.3401947,0.000709537,0.021940509,1
934,7,6,-0.321084052,200,50,81,501,5.67218399,5467.75,17.43559647,29.61852455,230.7105865,-0.004204765,-0.011257561,1
1154,4,4,-0.415112883,301,250,81,501,8.959134102,3422.689941,15.42724895,25.71843338,265.2363586,-0.009521775,-0.012829095,1
1077,6,6,-0.49250865,250,200,81,501,5.35743618,2552.844482,30.83828735,45.27240753,303.6900635,-0.004289509,0.005851782,1
1241,4,6,-0.405188769,301,50,81,501,6.08652544,3323.544434,17.74823952,29.49620819,188.1300964,-0.007975922,-0.001244508,1
952,4,4,-0.240892008,200,100,81,501,8.148936272,107762.4453,11.09053612,20.24305534,229.3987122,-0.007524522,-0.027358759,1
918,4,4,-0.010400247,300,50,81,501,10.53081703,1125.450806,3.162277699,6.45483017,225,0,0,1
954,7,6,-0.230897456,200,50,81,501,8.070849419,253.6752625,17.29161644,28.54879189,197.1027222,0.005932275,0.019203011,1
1740,6,6,-0.685986817,200,50,81,501,5.726938725,985.0522461,11.70469952,19.91116714,186.3401947,0.004443729,0.020577973,1
1240,6,6,-0.648774445,250,50,81,501,13.85955715,-4485.64502,8.602325439,14.36605644,231.3401947,-0.007804903,0.00853242,1
1167,6,6,-0.687348902,301,150,81,100,6.252729893,332.6037598,13.19090557,22.66601372,286.6992493,-0.000276809,0.01616881,1
1162,4,6,-0.410985559,200,100,66,500,14.86488247,-7324.619629,17.14642906,30.21689796,344.0545959,0.000623341,0.020318996,1
986,7,6,-0.438670427,300,300,81,501,14.21271133,-3951.500732,12.36931705,20.7804184,108.4349518,0.001830665,-0.005902919,1
948,4,4,-0.339477718,100,50,81,501,6.101779938,13912.28906,10.72380543,20.24305534,49.39870453,0.003047121,0.007350114,1
950,4,6,-0.341141999,100,50,81,250,14.72612572,-1081.095459,7.141428471,12.1561451,248.1985931,-0.007216115,0.006147156,1
954,4,6,-0.357858092,100,50,81,250,7.27603054,574.350708,8,13.12884617,210.9637604,0.003303289,0.039545555,1
967,4,4,-0.366954505,100,100,81,150,7.68578577,854.2097778,5.916079998,6.842773438,90,-0.018792622,0,1
1068,7,4,-0.585147202,150,100,81,400,5.377783298,872.3737793,7.348469257,13.67494583,80.53768158,-0.001269408,0.031991154,1
1045,7,6,-0.248230398,50,50,81,501,11.25112724,27.28913307,10.72380543,18.86838341,200.5560455,-0.004234176,-0.004104457,1
1083,6,4,-0.004170652,100,100,81,501,8.125001907,2570.552734,6.708203793,10.14210606,333.4349365,0.006104645,-0.035777088,1
1150,7,4,-0.348493695,150,50,81,100,8.071665764,6244.298828,11.53256226,19.79887581,180,-0.005330807,-0.035555556,1
1197,7,6,-0.436389059,100,50,66,500,7.21924448,4380.859863,10.90871239,19.91116714,186.3401947,-0.005611425,-0.016699402,1
1345,6,6,-0.652914822,50,150,81,501,6.474968433,4901.174316,17.05872154,29.49620819,171.8699036,0.000886214,-0.002375879,1
1485,4,4,-0.099753708,301,50,66,501,13.69169426,-725.8184814,7.745966911,15.020257,206.5650482,0,0.023851391,1
1486,6,6,-0.454203248,301,50,66,501,17.90607262,-141891.3125,5.567764282,5.111089706,243.4349518,-0.003794377,-0.171730027,1
1546,4,4,-0.112765953,150,50,66,501,13.19777012,-915.1603394,5.916079998,11.52797318,11.30993271,0.006599333,0.02836141,1
1498,6,6,-0.678441584,50,100,66,501,6.959040642,46.3660965,6.480740547,9.631651878,315,0.015332873,0.056568541,1
1342,6,6,-0.863720059,200,250,66,501,13.44305706,0.084193662,32.54227829,47.12401199,15.06848812,-0.001326416,0.009851842,1
868,4,4,-0.226235762,301,50,66,501,8.761043549,46.54963684,8.831760406,15.79316902,225,0.002851113,0.033941124,1
868,4,4,-0.158250749,301,50,66,501,9.857439041,139.3396912,8.426149368,15.79316902,261.8699036,-0.005303069,-0.024211336,1
866,6,6,-0.754644454,301,100,81,501,14.39683437,-3032.136719,13.74772739,24.09484291,206.5650482,-0.000973729,-0.011448668,1
865,6,6,-0.722859681,301,100,81,501,13.96677494,-2983.610107,17.63519287,30.21689796,195.9453888,0.001636271,-0.004354071,1
830,6,6,-0.526287258,301,50,81,501,6.006515503,2566.333008,15.62049961,26.32494736,284.0362549,0.008403175,0.015217922,1
741,7,6,-0.497523814,301,100,81,501,14.63360882,-985.5626221,7.211102486,12.1561451,201.8014069,-0.005772892,-0.060447033,1
1955,6,6,-0.764985502,50,501,81,501,13.18380356,-901.4387207,19.94993782,24.09484291,79.69515228,0.030614039,0.067432657,1
1861,7,6,-0.40090692,50,501,81,501,7.649605751,8459.457031,7.07106781,13.67494583,170.537674,-0.000317352,0.027725667,1
1387,6,6,-0.675649405,100,100,66,400,6.08316803,2770.78418,16.21727562,26.32494736,14.03624344,0.00027107,0.012174337,1
801,7,4,-0.228642628,100,200,66,501,14.69125938,-2738.185791,2.23606801,2.290610075,360,-0.006384671,0,1
955,2,2,-0.077442691,250,50,66,501,13.29396343,-876.5734863,10.34407997,17.87400818,299.744873,0.010100897,0.023204036,1
1236,6,6,-0.805615544,50,100,66,501,14.56860352,-5768.298828,4.472136021,8.206727028,56.30993271,-0.005728051,-0.00341354,1
1636,6,6,-0.727835059,100,200,66,501,15.23444462,-7006.773438,14.66287804,24.09484291,333.4349365,-0.008763561,-0.017173002,1
1782,4,6,-0.436989099,150,250,66,501,13.64864254,-725.2706909,29.25747681,43.27376556,77.73522949,0.006162083,0.010233434,1
1628,7,6,-0.432766646,100,400,66,250,12.06073284,-410.5412598,5.099019527,5.111089706,153.4349518,0.002529584,0.186040848,1
1684,6,6,-0.701173961,301,50,66,250,7.445252419,51.43785477,4,6.45483017,225,0.003139529,0.084852815,1
1661,5,6,-0.503785431,150,350,66,501,15.7940464,-120834.9141,8.062257767,14.1969471,198.4349518,0.000874699,-0.003794733,1
1547,6,6,-0.5136621,301,150,66,501,13.58099174,-149.6441345,16.37070465,28.08734894,347.0053711,-0.003950269,0.010779781,1
1227,4,4,-0.236663848,301,50,66,501,4.946627617,1150.584229,9.643651009,16.94235802,246.8014069,0.010673411,0.001992235,1
1479,6,6,-0.75214237,50,250,66,501,6.382940769,8712.15332,12.68857765,23.30701447,201.8014069,-0.000854761,0.002561315,1
912,1,4,0.038588088,100,50,81,501,14.95481777,-8487.475586,4.690415859,8.206727028,33.69006729,-0.005728051,-0.00341354,1
929,4,6,-0.347691029,50,50,81,501,16.18625259,-2055.958496,11.83216,21.80140877,36.86989594,0,0,1
1009,4,6,-0.393868387,50,200,81,501,10.07080269,4791.103516,19.02629852,31.83891678,75.06858063,-0.011999789,-0.020014293,1
1262,6,6,-0.773182988,50,501,66,500,14.59507656,-418.769989,13,21.80140877,126.8698959,-0.002458862,-0.024320001,1
1739,6,6,-0.420475692,200,200,66,501,14.71717262,-1745.599854,14.66287804,24.51631355,127.8749847,-0.003652351,-0.017433215,1
1270,6,6,-0.815195084,150,300,81,501,4.992748737,5281.944824,19.02629852,32.82123184,352.8749695,-0.001051827,-0.017097712,1
1173,4,6,-0.476361334,150,400,66,501,14.3133831,-150.5726624,12.80624866,21.89988136,275.7106018,-0.000303686,-0.014974817,1
1259,6,6,-0.453161359,300,150,66,501,7.856232166,3963.799561,15,26.02450943,34.99201965,-0.003708935,-0.002639136,1
1102,6,4,-0.257804424,250,50,81,400,7.390786171,15.06129646,2.23606801,3.237688065,315,0.004777052,0.141421363,1
1135,4,4,-0.234120607,100,50,66,501,7.631340981,332.6213684,8.944272041,16.08989334,236.3099365,0.003493523,0.030721856,1
1140,7,6,-0.310378492,100,50,66,501,14.4538765,-363.6246643,12.76714516,21.80140877,216.8699036,-0.007376587,-0.00896,1
1276,6,6,-0.500416696,50,200,66,500,13.81562233,-125.4785538,13.74772739,25.00792885,30.96375656,-0.001050764,0.003026446,1
1426,6,6,-0.754707396,200,100,66,501,8.984704018,154.8869019,10.63014603,18.9879818,54.46232224,-0.006690732,-0.014201063,1
1402,6,6,-0.815120876,250,100,66,501,14.98053741,-5441.80957,6.63324976,11.52797318,348.6900635,0.008335999,0.019309897,1
1338,6,6,-0.740445852,100,100,66,501,9.158614159,184.3075256,11.18033981,18.9879818,35.53767776,0.006690732,0.014201063,1
1516,5,6,-0.486632943,300,100,66,501,7.154399395,563.0944824,13.71130943,25.71843338,184.7636414,-0.009134449,-0.013928732,1
1525,6,6,-0.770274043,100,50,66,501,6.082992554,774.8685913,4.358899117,7.20912075,71.56504822,0.005936945,-0.04806662,1
1190,6,6,-0.576954544,301,250,81,200,8.590548515,2330.196045,20.02498436,31.99796486,320.1944275,-0.007615308,-0.041475553,1
862,7,6,-0.515676618,301,100,81,501,6.776705265,31463.80078,13.30413437,23.39650154,236.3099365,-0.001141753,-0.011378465,1
1518,6,6,-0.684054792,50,200,66,501,13.35099888,-1491.805786,3.31662488,5.111089706,26.56505203,0.001264792,0.05724334,1
1475,7,6,-0.428202301,250,450,66,501,16.50832939,-1853.521729,14.59451962,25.00792885,239.0362396,-0.003572599,-0.017149858,1
1444,6,6,-0.765050173,301,150,66,501,9.138895988,4096.727539,14.35270023,25.71843338,228.3664551,0.000871485,-0.015761459,1
1293,5,6,-0.486893713,301,501,66,501,12.65729523,-965.8805542,6.480740547,11.30993271,180,0.006034343,0.064000003,1
1189,6,6,-0.786684752,200,501,66,500,10.61480999,49924.30859,11.22497177,19.68572998,153.4349518,-0.002136861,-0.02862167,1
1151,6,6,-0.769324541,250,501,66,150,14.08861828,-400.4257813,21.44761086,34.26173019,40.23635864,-0.001831419,-0.014028489,1
1977,6,6,-0.730465949,301,501,66,200,4.496871471,2795.088867,10.86278057,20.24305534,319.3987122,-0.006964847,0.005512586,0
1850,6,6,-0.772159219,301,501,66,501,12.44322395,-1088.225952,8.774964333,14.36605644,308.6598206,-0.007521088,0.057289109,0
731,5,6,-0.500275791,100,250,66,501,14.73850346,-4271.980957,7,11.52797318,168.6900635,-0.004283777,-0.040430095,0
1232,4,6,-0.443412483,200,501,66,501,13.84667397,-105.3498383,10.67707825,18.74779129,315,0.00543439,0.018856181,0
1955,6,6,-0.571829975,150,501,66,501,16.17618179,-149937.9688,9.643651009,17.34932518,50.19442749,-0.002280993,-0.012090039,0
660,6,6,-0.69299221,250,250,66,501,14.14101124,-2044.826172,9.486832619,17.87400818,330.255127,-0.005347534,-0.000610633,0
1596,6,6,-0.503296673,200,50,66,501,12.91976166,-276.0484009,10.72380543,18.25505829,104.0362473,-0.001289767,0.043371078,0
1678,6,6,-0.548344135,301,501,66,501,15.60726261,-8860.151367,10.58300495,17.87400818,7.125016212,-0.011119476,0.020150874,0
1904,6,6,-0.790237427,301,501,66,501,10.52499962,6006.89502,9,16.08989334,236.3099365,0.001310071,-0.00512031,0
1257,5,6,-0.528955936,50,501,37,501,5.948740005,291.6676331,6.855654716,10.14210606,153.4349518,-0.001220929,0.078709595,0
1710,6,6,-0.804860592,100,501,66,501,7.709476471,359.6531372,8.426149368,16.08989334,123.6900711,-0.003930213,0.015360928,0
1314,6,6,-0.57467252,301,150,57,500,8.812457085,13098.00586,10.81665421,19.79887581,90,-0.005330807,-0.035555556,0
814,4,6,-0.163949519,250,200,81,501,13.68790436,-788.7579956,16.06237793,27.54367065,327.5288086,-0.006481825,-0.006713199,0
2006,6,6,-0.766539097,301,501,66,501,13.19213676,-1648.929077,6.782330036,11.30993271,90,0.006034343,0,0
704,7,6,-0.339941055,250,250,66,501,16.66748428,-25579.38281,9.797959328,17.87400818,209.7448883,0.002970852,0.009159488,0
1585,5,6,-0.671477079,200,501,66,501,13.44493866,-1171.766602,7.483314991,11.52797318,191.3099365,-0.007178222,-0.02534424,0
1460,6,6,-0.665602565,250,250,66,501,13.34053516,-918.3622437,10.34407997,17.87400818,277.1250305,-0.000424407,0.061063252,0
1391,6,6,-0.559356153,200,200,66,501,13.05197716,-190.786911,12.80624866,21.60256577,225,-0.00257195,0.00808122,0
1701,6,6,-0.458619446,301,501,57,501,11.9592123,-178.2173462,3.605551243,2.290610075,270,0.006384671,0.319999993,0
1549,6,6,-0.76346153,301,501,66,501,13.12152195,-265.8119202,12.12435532,21.50217438,293.9624939,0.004304349,0.002679677,0
1614,6,6,-0.798295438,100,50,66,501,13.57062244,-13078.90625,8,14.1969471,161.5650482,-0.006997595,-0.020238576,0
1105,6,6,-0.36689657,150,501,66,50,6.908392906,392.5971375,5.656854153,6.842773438,360,0.006264207,0,0
1293,6,6,-0.80283165,100,501,66,501,11.70719433,885.9585571,12,15.79316902,135,-0.025660012,-0.079195961,0
1547,6,6,-0.7577371,100,501,66,501,15.77568817,-467.3022156,9.273618698,15.64224625,360,-0.00571492,0,0
1790,6,6,-0.735895872,301,501,66,501,13.79632568,-1448.643188,10.81665421,17.87400818,299.744873,-0.011628765,-0.017708344,0
1198,4,6,-0.639040828,250,350,66,501,16.87828636,-302574.375,10.58300495,17.34932518,230.1944275,-0.007481658,-0.033919279,0
1417,5,6,-0.404283226,100,50,66,501,5.205161572,5675.473145,10.77032948,20.24305534,130.6012878,-0.001741212,-0.011637681,0
1658,6,6,-0.679264188,150,501,66,501,8.508631706,40539.39844,9.380831718,16.94235802,203.1985931,-0.007340989,-0.056507044,0
1909,6,6,-0.488980174,200,501,66,501,13.52828693,-2307.757813,6.708203793,11.30993271,270,0.006034343,0.064000003,0
1370,6,6,-0.810774624,301,501,66,501,11.46803665,1855.720215,10.77032948,18.9879818,144.462326,-0.005411083,-0.018599622,0
2061,6,6,-0.786460102,301,501,66,501,16.57182693,-48415.30859,6.928203106,11.30993271,126.8698959,-0.011344564,-0.035840001,0
1644,5,6,-0.495856941,150,50,81,501,13.43845654,5003.697266,9.165151596,15.79316902,171.8699036,-0.004903913,-0.025795255,0
1508,4,6,-0.228761539,50,501,66,501,6.483240604,222.320282,9.539392471,16.23579216,164.0546112,0.006091923,0.042296685,0
1960,6,6,-0.479802549,300,501,66,501,13.45463467,-2143.893555,6.855654716,11.30993271,233.1300964,-0.005068848,-0.00512,0
1336,5,6,-0.481648535,200,150,81,501,15.78519154,-30769.27344,8.062257767,14.36605644,128.6598053,0.003831498,0.00853242,0
1693,7,6,-0.371192366,100,250,66,501,8.848217964,50.789711,8.602325439,15.79316902,98.13010406,0.016878586,0.023532514,0
1492,6,6,-0.715963304,250,501,66,501,14.90209484,-1289.098755,7.280109882,12.1561451,21.80140877,0.005154368,0.004098104,0
1039,6,6,-0.585873604,301,501,37,450,13.57932663,-1166.057007,11.57583714,17.87400818,172.8749847,0.011289239,0.018929608,0
1562,6,6,-0.727251112,200,50,66,501,8.266554832,15677.61719,7.348469257,13.67494583,80.53768158,0.012694081,-0.030569326,0
2030,6,6,-0.777281225,250,501,66,50,7.799882889,84.03317261,7.549834251,12.74985123,135,-0.00148454,0.007071068,0
1356,4,4,-0.187610194,250,150,66,501,13.16694736,-429.4704895,8.544003487,15.020257,153.4349518,0.003459705,0.009540557,0
1287,6,6,-0.682826996,301,501,81,501,15.46807766,-73856.07031,9.110433578,17.34932518,50.19442749,-0.005018185,-0.002015007,0
1973,6,6,-0.718798399,250,501,81,501,13.77341843,-13564.53516,9.797959328,17.34932518,219.8055725,-0.001824795,0.027202589,0
1475,7,6,-0.243353799,100,50,81,501,12.38195229,-1023.550842,9.433980942,14.36605644,128.6598053,0.01802223,0.04753777,0
938,6,6,-0.733744025,250,100,66,501,11.4933176,715.3653564,10.09950447,15.79316902,225,-0.005702225,-0.022627417,0
1945,6,6,-0.73667264,301,501,66,501,9.672904015,308.2450256,11.13552856,18.9879818,234.462326,0.00080435,-0.002764809,0
726,6,6,-0.761449218,100,501,66,501,9.469748497,23242.36523,7.483314991,13.49573326,270,0,0,0
1891,6,6,-0.737005174,100,100,66,450,8.322770119,30.03145218,10.67707825,15.79316902,188.1300964,0.002508979,0.035298772,0
1880,6,6,-0.762739301,50,500,81,300,11.866889,2765.234131,10.14889145,18.9879818,234.462326,0.00559389,-0.019227987,0
1568,6,6,-0.679693937,301,100,66,501,4.498884201,2800.721191,11.3578167,20.24305534,12.52880764,-0.003917726,-0.004491737,0
1306,6,6,-0.388875157,200,50,66,501,17.30410004,-23197.0625,13.56466007,24.51631355,217.8749847,0.004820361,0.014032928,0
1211,7,6,-0.323870391,200,500,81,501,14.16265011,-956.6763306,11,18.25505829,165.9637604,0.00193465,-0.006848065,0
1734,6,6,-0.787671208,200,501,66,450,12.73469448,-1043.6073,7.549834251,11.30993271,360,0.006034343,0.064000003,0
1293,6,6,-0.46720612,50,200,81,501,18.53568459,-1874437.375,7.810249805,14.1969471,161.5650482,0.004373496,-0.018973665,0
1783,6,6,-0.514651,301,501,66,501,13.98149872,-3630.927002,6.244997978,11.30993271,90,0.006034343,0,0
1409,6,6,-0.788648248,50,501,66,501,11.67505646,144135.5625,10.77032948,19.68572998,243.4349518,0.010684306,-1.18E-18,0
759,6,6,-0.704719186,200,501,66,501,11.87542725,50.9471283,11.7473402,18.86838341,249.4439545,0.002897067,0.046175137,0
1353,6,6,-0.735227287,150,250,66,501,7.134352207,551.918396,14.79864883,25.71843338,4.763641834,-0.000419604,-0.012096004,0
2291,6,6,-0.819128156,100,501,66,400,12.08362675,-544.2297363,9.380831718,11.30993271,306.8699036,0.024378745,0.030719999,0
1840,5,6,-0.517295599,300,200,81,501,5.1939044,1473.361694,8.888194084,16.94235802,113.1985931,-0.004877894,0.018292345,0
959,4,6,-0.089264862,250,100,66,150,15.25057602,-6202.033203,9.591663361,17.87400818,262.8749695,-0.000424407,-0.018318975,0
1585,6,6,-0.740162849,100,50,66,500,14.11754322,-2295.882324,6.63324976,11.52797318,11.30993271,0.004399555,-0.022930501,0
1707,6,6,-0.697759688,300,501,81,501,7.955954075,3496.114746,11.31370831,19.68572998,333.4349365,-0.010684306,-0.035777088,0
1278,6,6,-0.784886062,100,150,66,501,13.67493343,-4578.228516,13.52774906,23.74949455,180,-0.004907855,0,0
1636,6,6,-0.509872258,50,501,66,501,9.388624191,14648.26953,11.7473402,19.68572998,116.5650482,0,0,0
2195,6,6,-0.692412376,301,501,81,501,3.16285634,1217.131226,5.567764282,4.573921204,180,0,0.319999993,0
1494,6,6,-0.733541369,301,501,66,501,4.473690033,3145.026367,13.52774906,23.39650154,56.30993271,0.008753438,0.018205544,0
1589,6,6,-0.49755618,301,350,66,501,13.50539875,-1243.377686,14.21267033,24.09484291,280.3048401,-0.004284407,-0.0017173,0
1822,6,6,-0.808550179,250,350,66,501,7.860136509,1030.033081,6.63324976,13.12884617,149.0362396,0.005911149,0.027439773,0
2095,6,6,-0.812422335,100,501,66,501,14.94754601,-6168.975098,9.899495125,17.74467087,90,0,0,0
1594,6,6,-0.526374459,100,200,81,501,12.99665165,-6238.205078,10.29563046,17.34932518,140.1944275,0.003649589,0.007052523,0
2144,6,6,-0.690281272,301,501,66,501,7.630162239,4015.514648,12.12435532,19.79887581,360,0.005330807,0.035555556,0
2092,6,6,-0.806331456,100,501,66,501,9.531057358,2223.239502,9.539392471,16.08989334,303.6900635,-0.010043879,-0.049496327,0
1891,6,6,-0.759527326,50,501,81,501,9.441953659,91.9669342,8.426149368,15.79316902,188.1300964,0.005303069,0.024211336,0
940,4,4,-0.10297928,200,150,81,501,15.70337677,-93449.11719,9.643651009,17.34932518,219.8055725,0.005018185,0.002015007,0
1719,6,6,-0.797304571,301,350,66,501,8.17855072,14356.89551,7.681145668,13.67494583,189.462326,-0.01158335,-0.027014753,0
1788,6,6,-0.767365634,100,501,66,501,12.63361073,-943.272644,7.141428471,11.30993271,126.8698959,0.009896322,0.04352,0
823,6,6,-0.522549391,50,501,66,501,10.81130791,962.274353,11.70469952,18.9879818,144.462326,-0.018975353,-0.009174138,0
992,4,4,-0.201993838,200,50,66,100,7.798760414,968.7147217,7.483314991,13.12884617,210.9637604,0.005911149,0.027439773,0
866,4,6,-0.364608079,250,200,66,501,14.51828289,-387.8149719,11.70469952,21.80140877,36.86989594,0.001229431,-0.00384,0
1068,6,6,-0.58685869,150,50,81,501,10.07402515,460.3636169,10.04987526,18.9879818,305.5376892,-0.003034594,0.01043087,0
1355,4,4,-0.179681942,250,150,66,501,12.70139027,-19.59069633,5.830951691,9.365158081,165.9637604,-0.01337982,0.045653764,0
1455,6,6,-0.824396491,301,501,71,500,9.158516884,77645.90625,10.34407997,16.94235802,293.1985779,-0.002559687,-0.032419104,0
1051,6,6,-0.757513642,301,150,81,501,9.36817646,85.42611694,8.831760406,15.79316902,261.8699036,-0.004903913,-0.025795255,0
2188,6,6,-0.806451619,300,501,66,501,12.7364006,-20.28871727,4.582575798,9.365158081,345.9637451,0.001808084,0.027392259,0
1695,6,6,-0.512428284,50,501,66,501,14.3280592,-5134.839355,7.141428471,11.30993271,233.1300964,0.008448079,-0.0128,0
1973,6,6,-0.496200174,250,501,66,200,19.1627636,-12536.85254,5.830951691,9.365158081,345.9637451,-0.002531317,-0.022826882,0
1477,6,6,-0.520351291,301,300,66,501,13.05602741,16112.59473,8.426149368,12.74985123,225,-0.007422701,-0.077781744,0
1867,6,6,-0.750814319,200,501,66,501,6.791555882,39.21596146,8.062257767,9.631651878,135,0.013799586,0.141421363,0
1638,6,6,-0.749421477,50,501,1,501,13.05275631,-42.68379593,13.34166431,21.89988136,95.71059418,0.010426557,0.015290077,0
1556,5,6,-0.683615804,100,501,66,300,13.86514759,-1081.824097,16.18641472,27.47443199,157.3801422,-0.001454605,-0.00830223,0
1052,4,6,-0.37943849,301,50,81,50,13.2854948,-313.1748352,11.66190338,21.50217438,113.9624863,-0.007173915,0.006364231,0
1061,6,6,-0.355701685,150,150,81,501,16.08381081,-6533.023438,10.53565407,18.25505829,14.03624344,0.00193465,-0.006848065,0
1427,6,6,-0.74660635,250,500,66,501,5.849151611,425.2193298,11.22497177,19.68572998,206.5650482,0.008547445,0.007155417,0
2029,6,6,-0.770609319,301,501,66,501,8.068742752,61.97518539,10.58300495,18.9879818,305.5376892,0.005411083,0.018599622,0
2215,6,6,-0.694915235,50,501,66,501,7.071519375,2296.812744,10.34407997,19.79887581,180,-0.005330807,0,0
1518,6,6,-0.78828454,301,450,66,501,10.40792656,11.74335766,10.44030666,18.86838341,249.4439545,0.008394067,0.027192025,0
1863,6,6,-0.80641067,100,501,66,350,13.60237122,286.4982605,10.2469511,18.86838341,110.5560455,0.000668554,0.016417827,0
1253,6,6,-0.764192164,301,200,66,501,12.16568565,68.10474396,11.18033981,18.86838341,249.4439545,-0.011513987,-0.053870995,0
1063,6,6,-0.529058635,100,50,66,501,12.89069271,-6626.46582,7.615773201,14.1969471,71.56504822,0.001749399,-0.007589466,0
1189,6,6,-0.332547188,200,50,66,501,4.841680527,223.9406586,6.324555397,7.20912075,108.4349518,0.013748715,0.091073595,0
1115,4,6,-0.373529434,50,501,66,501,13.81772041,9312.03125,4.79583168,3.237688065,225,-0.011146454,-0.254558444,0
1859,6,6,-0.467999995,250,501,66,501,10.30352783,896.6359863,4.582575798,6.45483017,135,0.001569764,-0.127279222,0
1600,6,6,-0.735305905,301,501,66,501,6.211511135,4076.152344,9.219544411,16.94235802,156.8014069,-0.004877894,0.018292345,0
2135,6,6,-0.723608434,301,501,66,100,14.1682024,-962.0028076,10.63014603,18.25505829,14.03624344,-0.000644883,0.002282688,0
1796,6,6,-0.748764157,301,501,66,501,12.99741745,-45.0615654,11.3578167,18.74779129,45,0.006792988,0.014142135,0
1441,6,6,-0.358490556,301,50,81,501,13.95074177,-2276.704834,9.899495125,17.74467087,270,0,0,0
2478,6,6,-0.784357071,301,501,37,300,12.56762981,-194.1137238,10.63014603,18.25505829,165.9637604,0.015477203,0.022826882,0
1233,5,6,-0.457090914,100,100,66,501,14.45641613,673.0216675,11.40175438,18.86838341,249.4439545,-0.009285472,-0.024113683,0
1363,6,6,-0.622742474,50,150,66,501,7.297898293,649.9830322,14.21267033,25.71843338,48.36645889,-0.001452474,-0.00916364,0
2477,6,6,-0.74636513,150,501,81,501,14.28840637,-4935.211426,6.557438374,11.30993271,216.8699036,0.005068848,0.00512,0
1887,7,6,-0.697986603,50,501,81,501,4.525158882,371.8883057,9.84885788,13.67494583,189.462326,0.023008022,0.028436581,0
1816,6,6,-0.730800986,301,501,66,501,11.13158894,83704.04688,13.0766964,19.68572998,206.5650482,-0.005342153,-0.053665631,0
1001,6,6,-0.779777646,150,150,81,501,12.99532318,-297.715332,10.67707825,18.25505829,345.9637451,0.007738601,0.011413441,0
1774,6,6,-0.795259356,50,501,66,501,7.085737228,1464.385498,11.95826054,19.68572998,206.5650482,0.011752737,0.032199379,0
1696,6,6,-0.795315683,300,501,66,400,14.60193825,-36683.12891,7.745966911,14.1969471,251.5650482,0,0,0
1111,6,6,-0.688332021,200,200,81,500,10.36133289,11.20874214,10.39230442,18.86838341,69.44395447,-0.007948365,0.00872197,0
717,7,6,-0.625755787,250,300,66,501,13.13511944,9829.181641,11,18.9879818,215.537674,-0.004131435,-0.022998182,0
1615,6,6,-0.833599985,100,501,66,501,6.866432667,1720.579346,7,13.49573326,360,0,0,0
1098,6,6,-0.437072635,200,400,81,501,12.16517735,30972.08008,8.426149368,16.08989334,56.30993271,0.003930213,-0.015360928,0
2204,6,6,-0.800243616,301,501,66,501,4.992688179,593.5507202,7.874007702,13.67494583,9.462322235,0.001904112,0.070380539,0
470,6,6,-0.293986619,150,501,66,200,9.592042923,106.8598404,9.949873924,15.79316902,171.8699036,0.017277742,0.021948595,0
1289,5,6,-0.670928836,200,150,66,501,13.20412064,-1079.078735,9.591663361,17.74467087,180,0,0,0
1845,6,6,-0.774969161,301,501,66,501,13.38252354,-345.0849304,12,21.50217438,246.0375061,0.001434783,0.011723584,0
2010,6,6,-0.737338424,301,501,66,501,7.47531271,3439.464111,11.57583714,19.79887581,180,-0.005330807,0,0
1303,6,6,-0.740440845,50,150,66,501,14.37046337,-2572.209717,9.695360184,17.87400818,82.87498474,0.000933696,-0.023204036,0
1565,6,6,-0.672727287,100,400,66,50,15.2923584,-6466.658691,9.539392471,17.87400818,150.2551117,-0.004159193,-0.00488506,0
1382,6,6,-0.506248832,301,501,66,501,13.96610451,-1973.24292,7.141428471,11.52797318,168.6900635,-0.007293999,0.03801636,0
1975,6,6,-0.777118206,150,501,66,501,10.16242218,9.186947823,11.57583714,18.86838341,110.5560455,0.010622581,0.056949336,0
1651,4,6,-0.226425737,50,100,81,501,6.06318903,13385.62598,10.86278057,20.24305534,220.6012878,0.001741212,0.011637681,0
1370,6,6,-0.787186623,300,300,81,501,11.35522842,30.28310966,10.58300495,18.86838341,20.55604553,-0.005125581,-0.001026114,0
2243,7,6,-0.738492608,301,501,81,501,6.110744953,1334.275146,11.48912525,23.0354805,138.8140717,-0.001544917,0.019713514,0
2209,6,6,-0.814755857,301,501,66,501,13.08908463,-168.0929871,3.605551243,9.090276718,360,0,0,0
1934,6,6,-0.727878809,301,501,66,100,12.20069027,-472.2149048,3,5.111089706,243.4349518,0.006323961,-9.47E-18,0
966,4,4,-0.722689092,50,100,81,300,13.36349201,-3353.051758,13.52774906,23.74949455,360,-0.004907855,0,0
1131,6,4,-0.213237375,200,501,66,501,7.592292309,2430.241455,11.70469952,19.68572998,153.4349518,-0.003205292,0.010733127,0
1632,6,6,-0.528089881,100,501,66,501,13.55098057,-1301.364624,13.89244366,24.09484291,280.3048401,-0.006426611,0.004579467,0
1466,7,4,-0.27890119,250,50,66,501,12.61097813,-442.7631531,9.433980942,17.87400818,240.2551117,0.004159193,0.00488506,0
1374,6,6,-0.713411987,200,400,66,501,9.031592369,162.3223419,11.22497177,18.9879818,305.5376892,0.010017817,0.039964054,0
1274,6,6,-0.7973333,250,200,81,501,8.91880703,54.50444794,9.327379227,15.79316902,315,0.009978893,0.050911687,0
944,6,6,-0.559114635,150,100,81,501,7.673313618,144.7980652,31.93743896,47.37779236,96.3401947,-0.005331692,0.027580947,0
1305,6,6,-0.726220012,301,250,66,450,10.13217449,183.3964539,8,15.79316902,278.1300964,0.005474136,-0.02172232,0
1594,6,6,-0.755285978,150,501,37,501,8.683641434,2007.247192,9,16.23579216,164.0546112,0.008229441,-0.009952161,0
1342,6,6,-0.237886831,50,150,81,501,15.08842564,-10983.72363,6.244997978,11.30993271,90,0.006034343,0,0
1607,6,6,-0.827294707,301,501,66,500,7.398604393,1243.243896,6.855654716,10.14210606,63.43494797,0.003662787,0.050087921,0
2176,6,6,-0.788461566,100,501,66,400,11.16220665,27628.34375,4.242640495,6.842773438,180,0.006264207,0,0
1111,4,6,-0.143460736,300,50,81,100,12.48113918,93.36347961,10.53565407,18.86838341,249.4439545,-0.000668554,-0.016417827,0
1498,6,6,-0.520770609,301,100,66,501,5.352128506,6573.991699,11.3578167,20.24305534,167.4711914,0.005037077,0.000816679,0
1337,6,6,-0.7229231,200,501,66,501,9.114972115,66.31710052,8.831760406,15.79316902,8.130102158,-0.006272447,0.024890158,0
1895,6,6,-0.706307471,250,501,66,501,7.054095745,3713.951904,10.81665421,19.91116714,186.3401947,-0.005027577,-0.018638687,0
1949,6,6,-0.729870141,301,501,66,501,12.74127579,121.1025009,10.53565407,18.86838341,200.5560455,-0.010176878,-0.02103534,0
1210,6,6,-0.632003605,50,501,66,501,8.471894264,34.86105347,9.949873924,15.79316902,135,0.007127781,0.062225398,0
1382,6,6,-0.748681903,200,300,66,501,10.56686497,13196.9873,9.05538559,16.23579216,285.9454041,-0.008336317,-0.033588547,0
1979,6,6,-0.418475747,301,501,66,501,12.32490826,-13.44453621,5.656854153,9.365158081,284.0362549,-0.001808084,0.050219141,0
1626,6,6,-0.784434676,250,500,81,501,8.036993027,499.0251465,9.539392471,16.08989334,213.6900635,-0.003930213,0.015360928,0
1718,6,6,-0.847240031,100,501,66,200,14.2621069,-2308.062012,9.327379227,17.87400818,82.87498474,-0.001273222,0.024425302,0
1679,6,6,-0.775642991,200,501,66,501,10.50374794,44676.45703,10.67707825,19.68572998,206.5650482,0,0,0
1034,6,6,-0.798487425,200,501,81,501,7.094906807,1477.875,11.95826054,19.68572998,116.5650482,0.011752737,0.032199379,0
1279,4,6,-0.027720027,250,250,66,350,7.787109375,4320.355469,7,13.49573326,180,0,0,0
1435,5,6,-0.483103633,100,501,66,300,8.360666275,689.7503052,9.539392471,16.08989334,123.6900711,0.003930213,-0.015360928,0
1913,6,6,-0.545027435,100,501,66,501,18.12209129,-60943.125,8.485280991,15.020257,116.5650482,0.00230647,-0.033391949,0
1807,6,6,-0.74061662,150,501,81,501,14.38315105,-5425.661621,6.244997978,11.30993271,323.1300964,-0.002172363,-0.020479999,0
1510,6,6,-0.817391276,250,501,66,501,9.553070068,17266.50586,11.13552856,19.68572998,26.56505203,3.54E-19,-0.035777088,0
1287,6,6,-0.775700927,150,100,66,501,10.13003922,486.8863525,11.3578167,18.9879818,215.537674,-0.009250028,-0.005403944,0
1321,4,4,-0.285998434,200,100,66,150,14.25878143,-2300.400391,9.949873924,17.87400818,29.74488068,-0.004159193,-0.00488506,0
1837,5,6,-0.771412015,200,250,81,501,6.203660488,1586.70752,11.53256226,19.91116714,173.6598053,0.005027577,0.018638687,0
1279,7,6,-0.653481543,50,50,66,501,6.591105461,892.9754639,11.87434196,19.68572998,153.4349518,0.009615876,0.003577709,0
1349,4,6,-0.490983754,50,200,81,501,17.74962616,-17766.3125,6.557438374,9.090276718,270,0,-0.079999998,0
768,5,6,-0.675051212,100,501,66,200,16.97690392,-56030.33984,6.782330036,5.111089706,333.4349365,-0.017707091,-0.15741919,0
1396,7,6,-0.758847713,301,50,81,501,13.43171883,-1354.871094,10.48808861,17.74467087,180,0.011058626,0.039999999,0
723,6,6,-0.711664498,150,150,81,501,13.43350029,-2627.726807,11.91637516,20.67446327,122.0053864,0.007832751,0.02553523,0
1883,6,6,-0.509831667,301,501,66,501,10.05167294,450.187561,10.81665421,18.9879818,35.53767776,0.016416058,0.017971257,0
1436,6,6,-0.748809516,200,150,66,501,13.07044601,-91.16685486,12.60951996,21.80140877,36.86989594,0.002868673,0.02304,0
1676,6,6,-0.468723565,100,501,66,501,8.097815514,1306.392456,7.937253952,13.12884617,59.03624344,-0.006693507,0.031071508,0
1072,6,6,-0.721445203,301,100,81,501,13.52604103,-2657.598877,14.03566837,23.8365345,354.8055725,0.005118815,0.013832674,0
1005,6,6,-0.788323641,150,501,66,501,7.393331528,71.58312988,5.47722578,9.631651878,135,0.009199724,0.018856181,0
1556,7,6,-0.447258234,100,50,66,501,5.45727396,287.3576965,11.40175438,19.68572998,153.4349518,0.006410584,0.050087921,0
1988,6,6,-0.767563522,301,501,66,501,12.41693115,-85.82961273,4.690415859,9.090276718,270,0,0,0
1113,6,6,-0.780554712,200,501,66,501,17.60205841,-65128.39453,9.797959328,17.87400818,187.1250153,-0.00059417,-0.057399459,0
2355,6,6,-0.734095275,300,501,66,501,5.079618931,647.4576416,4.242640495,13.67494583,189.462326,0.000158676,0.025592923,0
804,5,6,-0.614450336,301,501,66,300,15.78275585,-30694.41602,7.483314991,14.36605644,141.3401947,-0.004966756,-0.003656751,0
1296,6,6,-0.767326713,100,100,37,350,8.964720726,57.06530762,8.660254478,15.79316902,98.13010406,0.004504757,0.027379174,0
1136,6,6,-0.723320127,301,450,66,501,15.23747063,-3405.260254,9.273618698,15.020257,333.4349365,-0.00922588,-0.033391949,0
1756,6,6,-0.523099303,150,501,66,300,14.36213112,-331.74823,11.91637516,21.80140877,323.1300964,-0.009015828,-0.00384,0
1987,6,6,-0.803990185,301,501,66,501,10.16139221,83045.875,12.48999596,19.91116714,353.6598206,-0.015958503,-0.053007133,0
1682,6,6,-0.792503357,50,501,66,501,6.142644405,66303.97656,15.42724895,26.61996269,208.6104584,-0.008330216,0.010492046,0
1658,6,6,-0.749782801,100,501,66,450,13.71576214,-611.9049683,10.09950447,18.25505829,75.96375275,0,0,0
2138,6,6,-0.780442774,250,350,66,501,4.620340347,830.2590332,9.84885788,16.94235802,293.1985779,0.010383635,0.045096967,0
1012,4,6,-0.409768224,301,501,66,501,6.638761997,6248.891602,10.48808861,16.94235802,113.1985931,0.003863678,-0.014488986,0
1225,6,6,-0.761180699,250,501,66,501,14.97525978,-325.6660767,11.66190338,18.74779129,315,-0.021737561,-0.037712362,0
957,6,6,-0.380892247,301,200,66,501,12.88326931,-782.9053955,9.643651009,17.74467087,270,0,0,0
1291,6,6,-0.756270587,301,50,66,501,7.476500034,77.79117584,5.567764282,9.631651878,225,0.007666436,0.02828427,0
1563,6,6,-0.573166072,300,150,66,501,9.922652245,166716.3906,9.643651009,16.94235802,293.1985779,0.010673411,0.001992235,0
1242,6,6,-0.74604398,301,501,71,501,6.440258503,5123.821289,10.19803905,16.94235802,66.80140686,0.005602333,0.02100903,0
1568,6,6,-0.802321494,300,501,66,501,14.65443134,-236.2862701,9.84885788,18.74779129,225,0.001358598,-0.004714045,0
2015,6,6,-0.693541586,300,501,66,350,11.92146683,53.34753799,11.53256226,18.86838341,249.4439545,0.00883977,-0.011800313,0
1366,6,6,-0.70740515,301,501,81,501,8.197978973,26.50820541,9.110433578,15.79316902,8.130102158,0.003706446,0.030547014,0
1226,6,6,-0.759189785,250,501,66,501,12.70076656,-778.6096802,3.605551243,5.111089706,243.4349518,-0.003794377,0.114486679,0
1352,6,6,-0.47474274,50,50,66,501,5.572128773,1662.115845,14.24780655,26.32494736,75.96375275,0.001355351,0.009130753,0
1952,6,6,-0.770672023,301,501,66,501,4.976381302,4514.858398,12.72792244,20.24305534,282.5288086,0.003358051,0.006329265,1
917,2,6,-0.236620501,150,50,81,501,8.707465172,44.12121201,7.937253952,15.79316902,225,0.001425556,0.039597981,1
880,1,4,0.593314767,150,100,81,501,11.9592123,-178.2173462,1.414213538,2.290610075,360,0.006384671,0,1
847,6,6,-0.723470867,100,100,66,50,14.15427399,-586.8151245,17.60681725,31.01983452,176.1859283,-0.003992503,0.010548855,1
781,7,6,-0.28853178,150,50,66,501,15.18977356,-15216.68652,11.13552856,20.67446327,212.0053864,-0.002650179,-0.008384703,1
790,2,4,-0.138804466,100,50,66,501,14.09953403,-87.42864227,9.05538559,15.64224625,180,-0.00571492,0,1
873,6,6,-0.707974136,300,50,66,501,13.83767033,-12207.79883,20.51828384,33.07027817,227.4895477,-0.001719707,-0.00534089,1
806,2,4,-0.055555537,300,50,66,501,6.19976759,15344.5498,11.13552856,20.24305534,192.5288086,-0.003358051,-0.006329265,1
779,6,6,-0.467860043,100,200,66,501,13.63821983,-750.5264893,16.12451553,27.54367065,94.39870453,0.004120027,0.013209844,1
754,6,4,-0.255371213,50,150,66,501,7.87671566,19.22461128,9.165151596,15.79316902,171.8699036,0.017676897,0.020364676,1
692,4,6,-0.235655174,50,200,66,501,12.19856453,3852.802979,10.67707825,18.9879818,144.462326,-0.002851787,-0.02739674,1
575,6,6,-0.204573542,50,50,66,450,13.75066853,-543.0596313,25.07987213,40.31554031,188.1300964,-0.008483176,0.007467048,1
560,6,6,-0.391158372,50,100,66,300,13.99384499,-1520.220093,20.420578,33.65300369,327.2647705,-0.000599685,0.011175223,1
579,6,6,-0.515960515,50,100,66,501,9.058937073,25446.55469,13.19090557,23.0354805,138.8140717,0.001544917,-0.019713514,1
615,5,6,-0.71378094,50,150,66,501,14.19694138,-5989.056152,25.72936058,39.50971222,165.9637604,0.006051112,0.007304602,1
495,4,6,-0.132732749,50,50,66,501,7.549316406,1445.471802,4.898979664,10.14210606,243.4349518,0.002441858,-0.014310835,1
966,6,6,-0.43320027,301,100,66,501,9.223107338,73.89039612,8.246211052,15.79316902,315,0.005702225,0.022627417,1
1294,6,6,-0.704993129,301,50,66,501,13.84169292,-93.94937134,12.36931705,21.89988136,264.2893982,5.06E-05,0.015762966,1
1041,6,6,-0.553667784,301,200,66,300,10.32933807,64.31681824,19.10497284,31.46172714,11.30993271,0.003590085,0.011465251,1
1053,4,4,-0.207938388,150,50,66,501,13.71074867,-172.9486084,11.66190338,21.80140877,216.8699036,0,0,1
856,6,6,-0.417757004,250,300,66,501,17.88266945,-2589.04248,13.85640621,25.0884304,250.0168915,0.003435438,0.003791602,1
806,6,6,-0.69996202,50,150,66,501,6.991017342,589.3135376,19.57038498,32.05064392,63.43494797,-0.010131983,-0.00408881,1
1035,6,6,-0.437991381,250,200,66,501,15.47098351,-990.5411987,16.76305389,28.08734894,257.0053711,-0.004876113,-0.010678722,1
1550,5,6,-0.798733294,301,100,66,501,13.78145981,-52.06998444,15.36229134,28.22051239,153.4349518,0,0,1
1230,6,6,-0.575516701,50,200,66,100,14.21437263,-819.0056152,22.51666069,37.19655991,341.5650635,0.000485218,-0.001264911,1
1051,6,6,-0.441410452,50,100,66,150,5.64466095,8807.9375,12.20655537,20.24305534,77.47119141,0.005534566,0.033892196,1
1344,6,6,-0.658505142,301,150,66,450,13.56791496,-51.37767792,8.246211052,15.64224625,270,0.00571492,0,1
1132,6,6,-0.748763621,301,250,66,250,14.01274586,-2065.101318,14.28285694,24.09484291,259.6951599,-0.005141289,0.000801407,1
858,6,6,-0.651527226,301,100,66,501,15.48704529,-9020.304688,14.17744732,24.09484291,153.4349518,-0.010711019,-0.040070336,1
1513,6,6,-0.717105269,100,300,66,501,5.527897358,284.1572876,16.88194275,25.94852829,189.462326,0.018234633,0.053674046,1
935,4,6,-0.321643054,301,100,66,150,14.47799015,-198.0664063,11.31370831,18.74779129,225,-0.008151585,-0.00942809,1
905,6,6,-0.736033976,301,150,66,250,7.835646152,15984.32422,15.2315464,26.32494736,255.9637604,-0.007318894,-0.018261505,1
1564,6,6,-0.440562516,301,200,66,501,5.439898014,3139.262695,24.67792511,39.00533676,290.2248535,0.005182413,0.01797186,1
1699,6,6,-0.799389422,50,100,81,501,17.21333504,-24561.61328,9.219544411,15.020257,296.5650635,-0.010379114,-0.02862167,1
1431,5,6,-0.459373116,150,100,81,501,7.427872658,2061.782471,11.13552856,19.68572998,153.4349518,-0.004273722,-0.021466253,1
1032,6,6,-0.410866261,50,50,81,501,12.67438126,-138.9320374,7,12.1561451,248.1985931,0.009277862,-0.016392415,1
1147,6,6,-0.809304118,150,50,81,501,6.015560627,311.822876,6.855654716,10.14210606,153.4349518,0.010988361,0.078709595,1
1152,6,6,-0.750683904,150,50,81,501,5.868594646,1047.323486,13.71130943,23.0354805,228.8140717,-0.003398817,-0.004795179,1
1203,6,6,-0.749803305,50,50,81,501,15.96630573,-22821.19336,11.66190338,20.7804184,161.5650482,0.004184378,-0.013492385,1
1242,2,4,-0.16369316,301,100,81,501,13.61234951,-2167.843994,12.48999596,20.7804184,251.5650482,-0.004184378,0.013492385,1
1298,6,6,-0.743302166,250,100,81,501,6.315311909,1580.761597,16.79285622,29.3110199,274.0856018,-0.000129234,0.011746721,1
1368,5,6,-0.447558403,100,50,81,501,13.4824543,-1244.488892,20.71231461,33.50925064,154.9831085,0.005842392,0.004109794,1
1329,7,6,-0.287455976,100,50,81,501,6.119754791,10251.34375,22.22611046,35.92073059,186.3401947,0.000373069,-0.000969643,1
1208,5,6,-0.667186022,50,50,81,501,13.75616074,-970.1176147,15.62049961,27.47443199,180,0.004469606,0,1
1302,7,6,-0.48912853,300,100,81,501,7.696894169,3433.54541,18.76166344,32.31153488,251.5650482,0.005408987,-0.014167004,1
1240,7,4,-0.622276008,301,50,81,501,7.475732327,547.6583862,14.83239651,25.64100647,180,-0.009378653,0,1
1212,6,6,-0.528038919,301,200,81,501,7.388768673,48.61298752,2.449489832,6.45483017,135,0,0,1
1259,6,6,-0.459995955,300,100,81,501,5.488481522,3295.544922,24.35159111,39.00533676,110.2248611,-0.000824059,0.002168187,1
1157,6,6,-0.720226824,50,200,81,501,5.486965656,4543.27832,16.94107437,29.61852455,230.7105865,0.003174389,0.01401622,1
1199,6,6,-0.429068744,200,50,81,501,13.17138195,-1615.059204,6.782330036,11.30993271,323.1300964,0.011344564,0.035840001,1
1195,4,4,-0.145746604,301,50,81,501,13.20528412,-24.08664513,14.3178215,25.0884304,199.9831085,0.006142147,-0.031330604,1
1077,6,6,-0.567809224,301,100,81,501,14.63022518,-230.7774048,29.98332787,43.88047028,253.0724945,-0.00273042,-0.005728242,1
1148,4,6,-0.467617333,300,200,81,501,6.018752098,30605.78906,19.07878494,32.87134552,338.1985779,-0.002615059,-0.003073578,1
1440,6,6,-0.696591198,301,50,81,501,13.98723984,-2013.094971,13.74772739,24.09484291,280.3048401,-0.003855967,-0.002976654,1
1297,4,6,-0.333173513,301,50,81,501,16.57663155,-26848.4043,6.324555397,11.52797318,168.6900635,-0.006020444,-0.031378582,1
1124,6,6,-0.537772596,300,200,81,501,14.70083332,-74.4591217,27.0739727,40.80999374,256.6075134,-0.013889884,-0.022195807,1
968,6,6,-0.691181362,301,100,81,501,5.74615097,11219.9873,18.78829384,32.82123184,240.2551117,-0.00677844,-0.021982772,1
928,7,4,0.038790677,100,50,81,501,11.26308155,27.61730385,10.39230442,18.86838341,200.5560455,-0.002005662,0.025652854,1
922,7,4,-0.392303258,100,50,81,501,13.74966431,-769.1378784,8.485280991,15.020257,296.5650635,-0.00922588,0.014310835,1
1116,4,4,-0.333900869,200,50,81,501,14.06220245,-740.7219849,16.12451553,27.74965858,188.7461548,0.013333769,-7.03E-05,1
1784,6,6,-0.710302472,150,501,37,501,6.763028145,1146.547119,24.77902412,38.55464935,252.4744263,-0.004101519,0.002730662,1
1265,6,6,-0.812905014,250,200,81,501,7.67976284,1173.450317,18.30300522,32.05064392,296.5650635,-0.008573216,-0.00817762,1
1038,6,6,-0.756932139,200,100,81,300,6.305446625,707.795105,17.86057091,29.12373352,291.0375061,-0.01274459,0.011339298,1
1449,6,6,-0.760132372,301,50,81,501,6.071419239,531.0587769,10.95445156,19.68572998,296.5650635,0,0,1
1208,7,6,-0.442791373,301,50,66,50,14.79370594,-2184.871094,8.246211052,15.020257,206.5650482,0,-0.023851391,1
1326,6,6,-0.64867723,300,50,81,501,15.89839172,-5427.350586,10.29563046,18.25505829,165.9637604,-0.00193465,-0.031957634,1
1207,4,4,-0.382678241,200,100,81,501,6.670442104,2254.746094,17.63519287,29.3110199,4.085616589,-0.008163291,-0.012267512,1
1136,4,6,-0.305508554,200,450,81,501,4.766264915,4211.463867,20.51828384,32.82123184,29.74488068,-0.0065447,-0.002747847,1
964,3,6,-0.165236041,100,50,81,300,15.00092316,-410.5246887,14.3178215,25.00792885,239.0362396,0.00805586,0.004237024,1
1006,7,6,-0.351918876,150,50,81,200,13.77836514,-682.6937256,13.60147095,24.51631355,232.1250153,-0.010660414,0.002968504,1
1025,7,4,-0.389433324,100,50,81,450,6.244217873,1652.383057,12.04159451,19.91116714,186.3401947,0.01670453,0.015191069,1
1066,7,6,-0.519999981,100,100,81,501,15.97554779,-1665.354736,12.36931705,21.80140877,233.1300964,0.001229431,-0.00384,1
987,4,4,-0.37050724,150,150,81,300,7.89170742,4796.737305,8.831760406,13.49573326,360,-0.011768681,-0.053333335,1
1081,6,6,-0.754154563,50,250,81,50,13.02268887,-320.6564026,13.85640621,24.51631355,105.2551193,0.01624091,0.008851539,1
1042,3,4,-0.293966591,100,150,81,350,14.78171444,-2997.414307,3.605551243,2.290610075,360,0.006384671,-0.319999993,1
1042,4,6,-0.209080055,150,150,81,400,6.863027573,2831.11499,12.88409901,23.0354805,48.81407547,-0.011520664,-0.010389554,1
1092,6,6,-0.718176425,100,50,81,501,13.66479969,-162.7259521,18,28.08734894,192.9946136,-0.015628252,-0.005322517,1
1114,6,6,-0.433115065,50,50,81,501,7.306078434,2322.809326,19.36491585,32.31153488,34.69515228,-0.004767636,-0.007751375,1
1136,7,4,-0.304150105,100,100,81,50,14.56821537,-139.7009125,8.660254478,15.64224625,180,-0.00571492,0,1
1285,6,6,-0.75379014,50,200,81,501,13.94290543,-346.1303406,20.92844963,34.26173019,49.76364136,0.00118357,-0.003077844,1
1254,6,6,-0.727626443,50,50,81,501,7.943850994,993.3213501,24.14539337,38.23487854,203.9624939,0.011958747,0.017417897,1
1302,6,6,-0.790757358,100,200,81,501,6.678361893,349.8170166,14.93318462,25.71843338,41.63354111,-0.007262371,0.007330911,1
1250,4,6,-0.402279407,50,100,81,501,11.14746857,24.60204887,10.44030666,18.86838341,110.5560455,-0.010622581,0.017956998,1
1331,6,6,-0.707824826,50,150,66,501,6.677803516,973.8499756,10.95445156,19.68572998,243.4349518,0,0,1
1624,6,6,-0.769126892,250,501,81,501,14.06990719,-244.0018005,16.24807739,28.08734894,77.00538635,-0.004394674,-0.011992507,1
1407,7,6,-0.272199363,50,50,66,501,18.78373528,-341287.0938,5.47722578,5.111089706,153.4349518,0.002529584,-0.243284196,1
1424,3,6,-0.05174033,100,50,66,501,13.75995827,-1077.100098,18.86796188,30.56579781,241.6992493,0.004085626,0.010836568,1
1465,3,6,-0.427128911,200,50,66,501,10.430336,13460.91895,7.348469257,13.12884617,210.9637604,-0.003303289,-0.039545555,1
1505,6,6,-0.486757606,250,200,66,501,15.6961441,-669.651123,11,18.74779129,225,-0.001358598,0.004714045,1
1573,6,6,-0.749798238,250,150,66,501,13.09747505,-720.2021484,9.219544411,17.87400818,277.1250305,0.00059417,-0.021982772,1
1360,6,6,-0.80694443,250,250,66,501,9.149230957,182.5861969,10.86278057,18.9879818,305.5376892,-0.001754946,0.00603231,1
1348,6,6,-0.428205132,301,100,66,501,10.94440269,118.9717255,18.62793541,31.46172714,11.30993271,0.003590085,0.011465251,1
1433,6,6,-0.810596049,200,50,66,501,6.871665955,523.0133057,20.34699059,32.05064392,26.56505203,0.003117533,0.042932507,1
1173,6,6,-0.721961021,250,200,66,501,9.097145081,13927.20117,20.44504738,32.31153488,341.5650635,-0.015067893,-0.021250505,1
1270,7,6,-0.524131835,301,50,66,501,14.2798357,-198.0913849,23.17325974,37.57523727,62.1027298,-0.003844901,-0.0065982,1
1349,6,6,-0.738924444,150,150,66,501,13.29680252,-1033.650635,22.18107224,36.65083313,126.2538376,-0.002569492,0.006687413,1
893,6,6,-0.589466214,300,100,66,501,7.605720043,16847.06445,21.35415649,35.79576111,250.559967,0.003572812,-0.000409625,1
822,5,6,-0.513180077,200,250,66,501,14.29899216,-22943.44336,10.29563046,17.34932518,140.1944275,-0.020255219,-0.027874259,1
825,7,6,-0.417448044,150,150,66,501,15.07595634,-224.5087585,19.20937347,31.35235786,246.8014069,0.000721589,-0.001901679,1
831,2,6,-0.221389502,301,150,66,501,11.72071743,898.020813,9.110433578,15.79316902,261.8699036,-0.005303069,-0.024211336,1
821,6,6,-0.522167504,301,100,81,501,13.88222694,-1812.414185,15.1657505,24.09484291,259.6951599,0.004596001,0.029423077,1
1086,6,6,-0.796354473,150,100,66,501,13.82127857,-401.026062,32.43455124,46.74448776,70.2011261,-0.003555756,0.010397206,1
758,4,6,-0.32234171,301,100,81,501,11.48284817,390929.6563,7.745966911,13.67494583,260.5376892,1.05E-19,-0.078911513,1
772,6,6,-0.508913338,301,100,81,501,14.14688396,-2056.869385,10.14889145,17.87400818,277.1250305,0.000763933,0.017097712,1
730,6,6,-0.703221619,301,50,81,501,15.78634167,-428.3781433,5.744562626,9.365158081,345.9637451,-0.010486886,-0.050219141,1
750,6,6,-0.728373706,301,100,81,501,7.390786171,15.06129646,3.605551243,3.237688065,45,0.001592351,0.197989896,1
1934,6,6,-0.779874206,250,501,66,501,4.809076309,3819.305908,11.61894989,20.24305534,229.3987122,0.01013634,0.018783625,1
2238,6,6,-0.794990718,100,501,66,501,12.54806423,-15.16807747,16.82260323,28.22051239,243.4349518,0.014886242,0.031006809,1
1218,6,6,-0.58233285,50,501,81,501,13.35750294,-651.7267456,44.01136398,55.74833298,60.64224625,0.006697393,0.000568981,1
1754,6,6,-0.589886904,50,501,66,501,12.26410866,-575.7294922,6.782330036,8.206727028,56.30993271,0.015274802,0.023894778,1
1950,6,6,-0.670454562,50,501,66,501,13.9910984,-424.0741882,22.18107224,34.21570206,118.0724869,-0.000563502,-0.007946265,1
910,7,6,-0.289509416,50,100,81,501,8.434593201,202.7799683,5,9.631651878,225,-0.004599862,0.02828427,1
914,6,6,-0.477946877,100,50,81,501,5.35530138,7590.117188,19.46792221,32.82123184,352.8749695,-0.001051827,0.022593403,1
904,4,4,-0.32072559,50,50,81,501,9.471201897,120.6078033,2.828427076,3.237688065,45,0.006369403,0.113137081,1
1013,6,6,-0.513471603,250,50,66,501,6.139021397,1372.54187,13.6747942,23.0354805,311.1859131,-0.00463475,-0.001065595,1
1288,6,6,-0.458965361,301,50,66,501,4.08103323,15945.8623,24.43358421,39.20904922,258.6900635,-0.000858839,0.002262878,1
1218,6,6,-0.427983522,301,50,66,501,14.75617027,-1407.946655,24.10394096,37.19655991,288.4349365,-0.005984356,-0.018130392,1
841,4,2,-0.16685687,100,350,66,501,5.519261837,97.87123871,5.47722578,6.842773438,180,0.018792622,0.106666669,1
768,6,6,-0.487179488,250,350,66,501,14.7188673,-2211.491943,16.46207809,27.54367065,327.5288086,-0.009801465,-0.022124683,1
763,4,4,0.006422627,250,350,66,501,13.54295731,-2068.307861,5.19615221,8.206727028,146.3099365,0.001432013,0.034135398,1
770,1,2,0.519372225,200,100,66,501,6.542372227,1226.6875,4.358899117,7.20912075,198.4349518,-0.00406212,0.032887686,1
817,6,6,-0.681737602,50,100,66,501,16.9111824,-49459.08594,15.394804,27.12379074,38.65980911,0.006603161,0.006704045,1
924,7,6,-0.305365413,250,50,81,501,16.5576458,-22918.57617,10.2469511,17.87400818,352.8749695,0.010270661,0.022593403,1
941,4,6,-0.334921986,300,50,81,501,15.20372963,-263.7542114,7.937253952,15.64224625,360,-0.00571492,0,1
1631,6,6,-0.558331907,200,200,66,501,6.674356937,393850.4688,17.37814713,29.80032158,294.7751465,-0.004243189,0.000163535,1
1693,7,6,-0.358811021,301,50,66,250,11.47816849,15581.37793,9.165151596,16.08989334,213.6900635,-0.003493523,-0.030721856,1
1663,7,6,-0.310148448,50,200,66,100,5.221940041,746.4841309,8.366600037,13.67494583,279.4623108,0.012059378,0.024882009,1
1632,5,6,-0.4603239,100,250,66,100,6.058408737,766.9276123,6.63324976,13.49573326,180,0,0,1
1648,6,6,-0.365875483,301,200,66,300,13.89911747,-71.55065155,8.246211052,15.64224625,360,-0.00571492,0,1
1663,7,6,-0.484635472,200,400,66,501,16.56674576,-12866.09961,8.124038696,15.020257,206.5650482,0.00230647,0.014310835,1
1634,5,6,-0.500574052,150,100,66,501,4.695256233,3925.086426,12.72792244,23.39650154,213.6900635,-0.004567011,-0.001137846,1
1475,4,6,-0.420257658,200,50,66,501,14.51894093,716.4456177,10.34407997,18.86838341,200.5560455,0.001114257,-0.022574512,1
1590,6,6,-0.814496279,100,150,66,501,7.17173481,40557.77344,11.7473402,20.24305534,12.52880764,0.003358051,0.006329265,1
1858,6,6,-0.861845672,300,150,66,501,6.722350121,12232.88965,13.89244366,23.30701447,248.1985931,-0.007692849,-0.006659419,1
1546,6,6,-0.743707061,301,450,66,501,7.929605484,563.0219727,19.0525589,31.83891678,165.0685883,-0.00268652,-0.003250184,1
1269,6,6,-0.782309353,50,150,66,501,16.23721313,-2163.447754,11.91637516,21.80140877,216.8699036,-0.004098104,-0.019200001,1
1246,4,6,-0.272811055,250,50,66,501,15.57547474,-5208.413086,16.4924221,27.54367065,237.5288086,0.000131211,-0.000360925,1
970,6,6,-0.670098841,300,100,66,501,5.281489372,7054.188477,13.85640621,23.39650154,236.3099365,-0.002283505,-0.007964926,1
1525,6,6,-0.656927407,150,200,66,501,4.614244938,3617.526367,19.51922035,32.82123184,60.25511932,0.005142265,0.026257198,1
1208,4,6,-0.468840241,301,50,66,501,14.53705025,-10842.01367,13.9283886,23.74949455,180,-0.004907855,0,1
1709,6,6,-0.783160985,250,200,66,501,6.411295414,1091.468018,8.185352325,13.49573326,90,0.011768681,0,1
1701,6,6,-0.77026403,50,501,66,150,6.648125648,2204.984619,16.97056198,29.3110199,175.9143829,-0.000473859,-0.010126485,1
1285,6,6,-0.344227135,301,50,66,501,8.069220543,1946.205322,14.93318462,25.79549217,245.5560455,-0.008910269,-0.027707791,1
1402,5,6,-0.509643912,150,100,66,501,5.128625393,12566.85254,20.34699059,32.87134552,201.8014069,0.003922588,-0.000341509,1
800,6,6,-0.737200141,150,400,66,501,17.90526962,-25974.59375,6.63324976,12.1561451,21.80140877,-0.002061747,-0.019465994,1
715,6,6,-0.470051557,200,100,66,501,16.00879478,-47236.78125,13.26649952,23.74949455,360,-0.004907855,0,1
1300,4,6,-0.43604213,301,50,66,501,15.27648926,-5482.158691,20.95232773,33.65300369,237.2647705,-0.010141334,-0.021656333,1
761,4,6,-0.162225962,50,100,66,100,9.473797798,2099.513916,8.246211052,16.08989334,33.69006729,0,0,1
1212,6,6,-0.768725336,150,100,81,501,13.53738213,-1314.757446,19.59591866,33.50925064,25.01689339,-0.005131557,-0.005961847,1
1131,6,6,-0.712849975,150,50,81,501,14.51858139,-1810.099609,15.5563488,27.54367065,4.398705482,-0.005143473,-0.010394631,1
1287,4,6,-0.185546339,250,200,81,501,13.99183846,-19929.82617,7.07106781,14.1969471,341.5650635,0,0,1
1293,7,6,-0.372221202,50,150,81,501,13.55126953,272.2256775,11.13552856,18.86838341,69.44395447,0.007948365,-0.00872197,1
1208,3,6,-0.319301218,301,350,81,501,14.65287113,-2630.529297,18.38477707,30.56579781,28.30075645,-0.007365372,0.019535646,1
1241,4,6,-0.502680957,300,350,66,501,12.88461208,-1070.77832,4.898979664,8.206727028,303.6900635,6.32E-19,0.044376016,1
1465,7,6,-0.3734622,200,100,66,501,14.39178467,-1461.751099,9,15.020257,116.5650482,0.001153235,0.019081114,1
1272,7,6,-0.382729411,200,50,66,501,14.34496498,-1933.397217,18.49324226,30.56579781,28.30075645,-0.002248969,0.005965083,1
1288,6,6,-0.586312592,50,50,66,501,14.89302063,-2632.202881,15.62049961,27.54367065,32.47119141,-0.004461175,-0.01227144,1
1267,6,6,-0.56003809,150,150,66,501,12.56135559,-124.0841599,6.324555397,12.1561451,111.8014069,0.008246988,-0.011269786,1
1103,4,4,-0.252219826,150,150,81,501,15.24908638,-12898.04688,5.744562626,11.30993271,216.8699036,0.002172363,0.020479999,1
1176,7,6,-0.473328024,100,50,66,501,13.59203815,-823.2783203,16.15549469,27.47443199,180,0.004469606,0.024615385,1
1147,5,6,-0.46297437,150,50,66,501,9.109755516,373.3428955,12.04159451,22.19160652,168.6900635,-0.000488512,0.001508586,1
1136,7,4,-0.133727789,100,150,66,501,12.80746841,-416.2391663,2.449489832,2.290610075,360,0.006384671,0,1
1186,7,4,-0.300172716,50,50,66,50,16.14449883,-27890.125,6.557438374,8.206727028,326.3099365,-0.013842789,-0.122887425,1
1251,4,4,-0.287757695,100,50,66,450,7.056764126,4676.001953,7.615773201,13.67494583,279.4623108,-0.011107321,-0.029147496,1
1280,6,6,-0.490364045,100,50,66,500,13.34383965,-119.8313675,12.32882786,21.80140877,90,0,0,1
1402,6,6,-0.742835581,100,200,66,300,13.86609364,-3235.173828,6.928203106,11.30993271,270,-0.006034343,0,1
1235,6,6,-0.457483321,150,150,66,501,7.265547752,486.1058044,9.486832619,16.23579216,344.0545959,-0.004488786,-0.004561407,1
1255,6,6,-0.782742679,100,150,66,501,8.192879677,6390.578613,4.123105526,7.20912075,251.5650482,-0.007186828,-0.043006975,1
1311,7,6,-0.432519555,50,50,66,501,5.836863041,2589.252686,17.49285507,29.49620819,98.13010406,-0.001772427,0.004751758,1
1386,6,6,-0.492035002,50,200,66,501,13.83755302,-93.56124115,12.44989967,21.89988136,174.2894135,-0.010173485,-0.016078224,1
1383,6,6,-0.620895505,50,100,66,501,5.481742859,1518.473389,15.8745079,26.32494736,104.0362473,0.007318894,0.018261505,1
1593,6,6,-0.611127019,301,200,66,501,12.92541695,-178.5771942,6.782330036,12.1561451,248.1985931,0.005772892,0.060447033,1
1595,6,6,-0.532382011,100,200,66,501,9.87272644,667.8445435,7.348469257,12.74985123,225,-0.005938161,-0.02828427,1
1620,6,6,-0.717316926,250,150,66,501,13.33276081,-118.5110931,12.12435532,21.80140877,233.1300964,0.002458862,0.024320001,1
1489,6,6,-0.534358084,301,50,66,501,13.22697353,-2382.853271,7.483314991,14.36605644,51.34019089,0.006669644,0.046318851,1
1514,7,6,-0.364969432,150,50,66,501,14.80678082,-2213.624268,8.246211052,15.020257,116.5650482,-0.00922588,-0.033391949,1
1476,4,6,-0.438229859,200,50,66,501,15.21565628,-4175.180176,16.09347725,27.47443199,202.6198578,-0.003834869,-0.001747838,1
1473,6,6,-0.426666677,100,50,37,501,16.00448418,-6324.374512,14.0712471,24.51631355,195.2551117,-0.006043991,-0.010470724,1
1446,7,6,-0.395692527,50,50,37,500,6.780601501,7382.098145,22.33830833,35.79576111,213.6900635,-0.004466015,-0.015019574,1
1392,6,6,-0.777101755,250,200,37,250,13.83779049,-824.1792603,18.3575592,30.73752594,19.65382385,-0.002114706,0.016363299,1
1234,6,6,-0.811881185,200,50,37,400,5.13977766,6118.539551,19.51922035,32.82123184,277.1250305,-0.007713397,0.000305316,1
1145,7,4,-0.184121162,100,50,66,150,7.311223507,1834.775146,11.7473402,19.68572998,206.5650482,0.002136861,-0.007155417,1
1065,4,4,-0.129955947,50,50,66,200,13.35988903,-1722.304443,4,8.206727028,146.3099365,0.002864026,0.023894778,1
1800,6,6,-0.703832746,301,501,81,501,11.88903904,2827.166992,10.63014603,18.9879818,215.537674,0.006690732,0.014201063,1
2268,7,6,-0.270546943,150,501,81,501,3.909323692,24802.34766,17.32050896,29.80032158,192.0947571,-0.000244799,0.011829024,1
1488,6,6,-0.725363493,50,501,66,400,12.67992115,-139.7039032,7.615773201,12.1561451,111.8014069,0.003711145,0.070692293,1
2206,6,6,-0.765957475,301,501,66,501,6.559644222,2265.158691,11.31370831,19.91116714,6.340191841,0.005319501,0.017669044,1
1764,7,6,-0.463641644,301,400,66,501,12.41443348,37.62229156,17.32050896,28.28669167,221.9872131,0.007388228,-0.008213195,1
1611,6,6,-0.696108699,301,501,66,501,8.845191002,8506.995117,11.04536057,19.68572998,243.4349518,-0.002136861,0.007155417,1
1400,6,6,-0.717984796,50,501,66,501,11.14775658,27583.30859,8.062257767,13.12884617,149.0362396,-0.00773665,-0.073845275,1
912,6,6,-0.640051782,100,501,66,501,6.927085876,552.8170776,18.19340515,32.05064392,26.56505203,0.005455683,-0.00408881,1
723,7,6,-0.280921906,100,150,81,501,14.23622417,-90.91172028,4.358899117,9.365158081,14.03624344,0.000361617,0.036523011,1
752,4,4,-0.285714269,150,250,81,501,6.423118114,2481.336182,7.211102486,13.67494583,99.46231842,0.000634704,0.02346018,1
716,4,4,-0.193419993,250,150,66,200,10.49037361,1584.30542,4.898979664,9.631651878,225,-0.006133149,-0.037712362,1
709,7,4,-0.192902416,200,150,66,150,14.52963448,-1677.80188,9.05538559,15.020257,243.4349518,-0.01153235,-0.023851391,1
1534,5,6,-0.728254676,200,501,66,501,9.051441193,1376.2323,8.246211052,16.08989334,146.3099365,0,0,1
1550,6,6,-0.781649232,200,200,66,501,8.009709358,238.6301422,16.58312416,28.54879189,233.9726257,0.003775084,0.025052935,1
1075,6,6,-0.800604224,150,501,66,150,11.52614117,40269.53516,10,13.12884617,149.0362396,-0.012517726,-0.106530882,1
909,6,6,-0.483173907,301,501,66,250,7.815355301,1586.962646,12.40967369,22.66601372,253.3007507,0.001107237,0.01195086,1
